worker_id,external_id,judgments_count,missed_count,golds_count,forgiven_count,channel,country,region,city,last_ip,flagged_at,rejected_at,bonus,flag_reason,trust_overall,submission_rate
6336109,3694924,5,2,5,0,clixsense,CAN,ON,"",104.129.113.68,,,0,,0.6,0
6337268,3428059,0,0,0,0,clixsense,,,,,,,0,,1.0,0
6591664,3801006,0,0,0,0,clixsense,,,,,,,0,,1.0,0
7198946,3163380,5,1,5,0,clixsense,BGR,43,Haskovo,89.215.152.229,,,0,,0.8,0
8057247,4128798,15,0,7,0,clixsense,PRT,17,Vila Do Conde,82.155.222.233,,,0,,1.0,300
10948338,3584162,5,2,5,0,clixsense,ITA,07,Rome,5.95.204.64,,,0,,0.6,300
14218973,4835763,0,0,0,0,clixsense,,,,,,,0,,1.0,0
14662036,4899745,0,0,0,0,clixsense,,,,,,,0,,1.0,0
16741266,5194903,0,0,0,0,clixsense,,,,,,,0,,1.0,0
17222221,3064783,15,1,6,1,clixsense,MKD,"","",185.86.236.224,,,0,,0.8333,300
17708868,5324406,0,0,0,0,clixsense,,,,,,,0,,1.0,0
17733287,5353328,100,5,24,0,clixsense,BRA,27,Sao Paulo,177.148.239.186,,,0,,0.7917,27
17848516,5375053,0,0,0,0,clixsense,,,,,,,0,,1.0,0
18397774,5403807,52,3,14,0,clixsense,MAR,46,Fes,105.157.143.76,,,0,,0.7857,18
20841624,5819720,0,0,0,0,clixsense,,,,,,,0,,1.0,0
21628557,5DA301F4751485B9044935D48A84480F,0,0,0,0,neodev,,,,,,,0,,1.0,0
23035689,202426,0,0,0,0,superrewards,,,,,,,0,,1.0,0
23816226,6196609,0,0,0,0,clixsense,,,,,,,0,,1.0,0
24813188,6259240,0,0,0,0,clixsense,,,,,,,0,,1.0,0
25907194,6337572,0,0,0,0,clixsense,,,,,,,0,,1.0,0
27829625,41BFEFA7423B731DBD9CE4BD64DFB8C1,5,3,5,0,neodev,IDN,04,"",114.142.172.44,,,0,,0.4,300
28769627,17475,0,0,0,0,elite,,,,,,,0,,1.0,0
28786138,6612107,5,1,5,0,clixsense,MKD,E3,Prilep,92.53.55.23,,,0,,0.8,0
29042907,4B367D57CA77658141A29D4352C72707,5,2,5,0,neodev,ROU,14,Constanta,5.14.136.97,,,0,,0.6,0
29812417,3DB7DD0C1DB76A8241A29D4352C72707,0,0,0,0,neodev,,,,,,,0,,1.0,0
29970629,6799182,0,0,0,0,clixsense,,,,,,,0,,1.0,0
30088275,6831334,5,3,5,0,clixsense,GRC,13,Thessaloníki,87.202.70.16,,,0,,0.4,300
30394474,2361788,25,2,8,1,clixsense,UKR,17,Odessa,78.26.147.14,,,0,,0.75,300
30743892,43011,0,0,0,0,elite,,,,,,,0,,1.0,0
31038682,ACED7E3C6B28862F0DD4E15F98F7C799,0,0,0,0,neodev,,,,,,,0,,1.0,0
31222228,7120177,7,1,6,0,clixsense,IND,02,Hyderabad,183.82.208.201,,,0,,0.8333,300
31523885,7194183,45,2,12,1,clixsense,IND,07,Delhi,59.177.77.107,,,0,,0.8333,300
31605010,55287,10,2,6,0,elite,VNM,20,Ho Chi Minh City,27.75.55.82,,,0,,0.6667,300
31612453,7219281,0,0,0,0,clixsense,,,,,,,0,,1.0,0
31663768,6D2167C6B710F9540FA9E28369487118,20,1,7,1,neodev,VEN,"","",201.243.131.208,,,0,,0.8571,5
31883685,60549,0,0,0,0,elite,,,,,,,0,,1.0,0
32528254,66255,0,0,0,0,elite,,,,,,,0,,1.0,0
32655193,7522984,0,0,0,0,clixsense,,,,,,,0,,1.0,0
32689745,C9213D0C96570F912BFA95FAD8D0CB36,0,0,0,0,neodev,,,,,,,0,,1.0,0
32966420,5614273,0,0,0,0,clixsense,,,,,,,0,,1.0,0
33102233,72249,5,4,5,0,elite,VNM,69,Vinh Long,27.75.24.153,,,0,,0.2,0
33231829,D85D7A33D938B2732BFA95FAD8D0CB36,0,0,0,0,neodev,,,,,,,0,,1.0,0
33313161,7735130,0,0,0,0,clixsense,,,,,,,0,,1.0,0
33434416,mad77,0,0,0,0,instagc,,,,,,,0,,1.0,0
33757795,7850887,5,1,5,0,clixsense,VEN,23,Maracaibo,200.44.94.154,,,0,,0.8,300
34010900,7914952,0,0,0,0,clixsense,,,,,,,0,,1.0,0
34012716,A5F21FFF0A09887C3C3F520A53732EBF,5,2,5,0,neodev,VEN,06,Puerto Ordaz,190.94.230.86,,,0,,0.6,300
34151918,82615,0,0,0,0,elite,,,,,,,0,,1.0,0
34242458,7978551,0,0,0,0,clixsense,,,,,,,0,,1.0,0
34344222,KarlaE,15,0,7,0,instagc,BRA,02,Maceio,45.4.176.246,,,0,,1.0,300
34457264,8043578,5,2,5,0,clixsense,IND,19,Bangalore,106.203.140.206,,,0,,0.6,0
34832539,91000,0,0,0,0,elite,,,,,,,0,,1.0,0
34836342,6BA0841E4702089D52A6F24AA52E306B,80,2,18,1,neodev,HRV,10,Osijek,95.178.184.101,,,0,,0.8889,25
34837948,91064,0,0,0,0,elite,,,,,,,0,,1.0,0
34843237,8174031,0,0,0,0,clixsense,,,,,,,0,,1.0,0
34914198,92073,25,1,9,0,elite,PER,15,Lima,179.7.175.186,,,0,,0.8889,300
34931563,8194980,0,0,0,0,clixsense,,,,,,,0,,1.0,0
35115952,8262758,10,1,6,0,clixsense,UKR,14,Antratsit,194.125.224.3,,,0,,0.8333,300
35122844,8240958,0,0,0,0,clixsense,,,,,,,0,,1.0,0
35337514,8343454,5,2,5,0,clixsense,ITA,05,Bologna,87.16.63.10,,,0,,0.6,300
35354906,8349444,5,2,5,0,clixsense,ITA,13,Barletta,51.179.107.111,,,0,,0.6,0
35597807,124,5,3,5,0,indivillagetest,IND,02,Mangalagiri,202.53.75.90,,,0,,0.4,300
35896825,109910,0,0,0,0,elite,,,,,,,0,,1.0,0
35926201,D37DC1756B885D318D7FCC5998E70925,0,0,0,0,neodev,,,,,,,0,,1.0,0
36113457,8B1510A0C617C805A72773646D413314,20,3,8,0,neodev,EGY,11,Cairo,41.237.51.78,,,0,,0.625,10
36143603,50306,0,0,0,0,eup_slw,,,,,,,0,,1.0,0
36163077,114043,80,6,19,0,elite,HUN,"","",94.27.235.69,,,0,,0.6842,40
36214391,B66D44BC3CE5E007AA86FF6CD252D13D,0,0,0,0,neodev,,,,,,,0,,1.0,0
36249683,8662637,10,0,6,0,clixsense,RUS,48,Moscow,109.173.35.46,,,0,,1.0,300
36267599,8668165,0,0,0,0,clixsense,,,,,,,0,,1.0,0
36377397,449C21994FC593B6DEE40461DA32D81A,5,2,5,0,neodev,SRB,00,Nis,178.149.90.49,,,0,,0.6,300
36378875,8708023,30,3,10,0,clixsense,IND,"","",157.42.97.88,,,0,,0.7,300
36522920,8760214,0,0,0,0,clixsense,,,,,,,0,,1.0,0
36697726,7E46CA47FF1D7A3E99DD719F52F9B821,25,3,9,0,neodev,SRB,00,Belgrade,93.86.129.251,,,0,,0.6667,300
37041000,397CF4E9B40DB90F13B45070835AF903,0,0,0,0,neodev,,,,,,,0,,1.0,0
37097770,8973866,0,0,0,0,clixsense,,,,,,,0,,1.0,0
37280475,9038884,25,1,9,0,clixsense,ESP,58,Vigo,193.152.242.0,,,0,,0.8889,300
37281035,AA21AFBE44A2B4B71C4225EF31E8C1E3,5,2,5,0,neodev,PRT,04,Braga,94.61.110.75,,,0,,0.6,0
37411565,93B78FEB5000E931B6CD945299117BED,37,4,12,0,neodev,VEN,20,San Cristóbal,186.88.203.96,,,0,,0.6667,300
37665981,B8A7B3BD5DFE9893826BDFD07EE23BF9,45,2,12,1,neodev,VEN,23,Maracaibo,190.79.49.202,,,0,,0.8333,68
37735052,9189361,210,10,44,0,clixsense,ROU,10,Bucharest,5.12.206.200,,,0,,0.7727,420
37739653,073D13DC6AE76098E0F410E778370DBC,0,0,0,0,neodev,,,,,,,0,,1.0,0
37757012,132048,5,2,5,0,elite,RUS,48,Moscow,109.252.105.215,,,0,,0.6,300
37758377,9196985,5,3,5,0,clixsense,TUR,68,Ankara,88.224.149.96,,,0,,0.4,300
37888565,9237863,60,1,16,0,clixsense,MKD,"","",79.126.173.74,,,0,,0.9375,360
38064537,9252590,10,2,6,0,clixsense,SRB,00,Belgrade,78.30.189.237,,,0,,0.6667,5
38168678,CD03EAC35F5A2B2907CFBA8CB897B0DC,0,0,0,0,neodev,,,,,,,0,,1.0,0
38203640,9342774,0,0,0,0,clixsense,,,,,,,0,,1.0,0
38301689,9374876,10,0,6,0,clixsense,SRB,00,Belgrade,24.135.64.21,,,0,,1.0,300
38344244,139890,5,3,5,0,elite,SRB,00,Kragujevac,24.135.189.237,,,0,,0.4,300
38366313,8942664AFFD941E1D99EEBCE27EEBEB5,5,2,5,0,neodev,GRC,35,Athens,46.177.178.34,,,0,,0.6,300
38419350,9408851,5,3,5,0,clixsense,UKR,"","",91.201.177.6,,,0,,0.4,300
38575223,8AC39A6F5BFD5F9B5213CA1A0E82036F,0,0,0,0,neodev,,,,,,,0,,1.0,0
38661505,F3148CA8F186D8753C3F520A53732EBF,0,0,0,0,neodev,,,,,,,0,,1.0,0
38793343,138BA5951FB14E5A64EA4109F71985C3,69,3,15,1,neodev,VEN,23,Maracaibo,201.248.102.148,,,0,,0.8,15
38804722,3919118B5ED4D6A8B0D4CB6DCC18E8F9,0,0,0,0,neodev,,,,,,,0,,1.0,0
38855179,9548199,0,0,0,0,clixsense,,,,,,,0,,1.0,0
38908677,6513179,0,0,0,0,prizerebel,,,,,,,0,,1.0,0
38943920,9578082,25,0,9,0,clixsense,ITA,06,Trieste,79.47.39.143,,,0,,1.0,300
38975350,150279,5,3,5,0,elite,SRB,00,Beograd,109.245.159.53,,,0,,0.4,0
39059719,A17A004E5BA1DCC2BD4231B0CD821AB6,25,2,9,0,neodev,EGY,06,Alexandria,197.166.107.221,,,0,,0.7778,300
39090483,732FB5F9B153FDA7BD4231B0CD821AB6,5,3,5,0,neodev,IND,"","",14.97.190.16,,,0,,0.4,300
39452193,12E48DFE81999C5BC338D6D1E28E12C0,0,0,0,0,neodev,,,,,,,0,,1.0,0
39474673,9739632,147,7,33,1,clixsense,UKR,"","",78.154.176.41,,,0,,0.7879,25
39475257,E91A8E2289753B2487D9602DE7E4D81B,0,0,0,0,neodev,,,,,,,0,,1.0,0
39509657,7A4BD6EBBDCF4CC811A1B4E358E036AF,95,1,23,0,neodev,URY,10,Montevideo,186.53.216.127,,,0,,0.9565,491
39517779,9738710,40,1,12,0,clixsense,GRC,13,Thessaloníki,79.103.194.165,,,0,,0.9167,300
39550538,9749108,0,0,0,0,clixsense,,,,,,,0,,1.0,0
39555293,9759520,0,0,0,0,clixsense,,,,,,,0,,1.0,0
39565103,9762626,0,0,0,0,clixsense,,,,,,,0,,1.0,0
39755052,3A607574415E52A623F77D1F6B68FDEC,20,3,8,0,neodev,UKR,04,Dnepropetrovsk,188.163.104.181,,,0,,0.625,45
39939687,00BAE8A92F17C2F8999200CE4C413AA0,0,0,0,0,neodev,,,,,,,0,,1.0,0
39949614,JBBK1U0676,0,0,0,0,hiving,,,,,,,0,,1.0,0
39958474,9890157,0,0,0,0,clixsense,,,,,,,0,,1.0,0
40017708,88060D771EEAC38C18E09C610F0867AA,0,0,0,0,neodev,,,,,,,0,,1.0,0
40024252,9916190,10,1,6,0,clixsense,VEN,25,Caracas,181.19.43.52,,,0,,0.8333,300
40031413,9865764,85,5,24,1,clixsense,TUR,32,Mersin,78.160.132.7,,,0,,0.7917,16
40032401,62D563FEC753679DBE5B53C0735AAA92,5,2,5,0,neodev,VEN,13,Barquisimeto,200.84.180.145,,,0,,0.6,300
40076105,9935063,5,1,5,0,clixsense,NGA,"","",197.211.53.243,,,0,,0.8,0
40110004,298754EEFBB4D0503BE56A74FD3D6324,0,0,0,0,neodev,,,,,,,0,,1.0,0
40142234,487D99F8C838BD380838C9B4A7C5B92A,0,0,0,0,neodev,,,,,,,0,,1.0,0
40160536,9966522,50,3,14,0,clixsense,ARG,01,Jauregui,181.16.43.10,,,0,,0.7857,300
40170095,4593D7C70E1C0927918922EDCDEE9BBA,0,0,0,0,neodev,,,,,,,0,,1.0,0
40185726,AB29716BA05A6BCCE0F410E778370DBC,15,1,7,0,neodev,VEN,23,Maracaibo,190.78.156.31,,,0,,0.8571,300
40185785,9977272,0,0,0,0,clixsense,,,,,,,0,,1.0,0
40199912,F1646F3E495715AC710AB5506CDE15E0,5,2,5,0,neodev,UKR,04,Dnepropetrovsk,80.91.166.60,,,0,,0.6,300
40299782,10018489,0,0,0,0,clixsense,,,,,,,0,,1.0,0
40389433,10017502,10,1,6,0,clixsense,VEN,07,Valencia,186.95.200.191,,,0,,0.8333,300
40448781,10074336,0,0,0,0,clixsense,,,,,,,0,,1.0,0
40464223,10080652,5,0,5,0,clixsense,MEX,15,Chalco,189.230.55.147,,,0,,1.0,300
40482646,D657319FAED9B488CE3844F281772807,0,0,0,0,neodev,,,,,,,0,,1.0,0
40507163,10098087,20,1,7,1,clixsense,FRA,B5,Nantes,88.185.219.186,,,0,,0.8571,300
40511013,10099598,35,4,11,0,clixsense,RUS,09,Stary Oskol,79.111.43.80,,,0,,0.6364,300
40544601,234E19DFA060D51E52A6F24AA52E306B,5,1,5,0,neodev,VEN,13,Barquisimeto,186.91.220.74,,,0,,0.8,0
40557293,10114902,220,9,44,1,clixsense,SRB,00,Belgrade,178.222.57.163,,,0,,0.7955,258
40613399,10132719,0,0,0,0,clixsense,,,,,,,0,,1.0,0
40619580,10139352,20,0,11,1,clixsense,IND,23,Amritsar,103.40.197.229,,,0,,1.0,300
40679278,10156097,5,3,5,0,clixsense,SRB,00,Belgrade,178.221.12.252,,,0,,0.4,0
40762757,F00009590E429687E072395DC2023399,5,2,5,0,neodev,SVN,61,Ljubljana,89.142.52.183,,,0,,0.6,0
40769128,175174,0,0,0,0,elite,,,,,,,0,,1.0,0
40847481,3B363D8252DF090416C8E61001D64B85,5,3,5,0,neodev,VEN,20,San Cristóbal,201.243.184.118,,,0,,0.4,300
40902693,10238898,0,0,0,0,clixsense,,,,,,,0,,1.0,0
40993312,177998,55,2,15,0,elite,BIH,01,Bihac,109.163.129.154,,,0,,0.8667,300
40993983,D13C14B20D05ACB0B61ED642EC5D9C7B,0,0,0,0,neodev,,,,,,,0,,1.0,0
41018729,10280861,0,0,0,0,clixsense,,,,,,,0,,1.0,0
41081442,9568D6C881F73A2299DD719F52F9B821,5,2,5,0,neodev,USA,TX,Alvin,73.115.53.60,,,0,,0.6,300
41108489,4CBCC9955E24231D18E09C610F0867AA,0,0,0,0,neodev,,,,,,,0,,1.0,0
41135507,F4A07ADB1527A9D51C4225EF31E8C1E3,180,5,36,2,neodev,DZA,01,"",105.101.179.151,,,0,,0.8611,510
41223918,10360846,25,1,9,0,clixsense,UKR,04,Dnepropetrovsk,176.241.106.52,,,0,,0.8889,300
41251492,B428DC77118FE9A3274850ECB9537659,5,2,5,0,neodev,ROU,39,Ramnicu Valcea,86.122.243.140,,,0,,0.6,300
41274513,181459,0,0,0,0,elite,,,,,,,0,,1.0,0
41284073,10381189,5,4,5,0,clixsense,IND,13,"",106.208.77.103,,,0,,0.2,0
41455180,E783A960A07B9CD36E334AF42C1D2A3F,5,3,5,0,neodev,VEN,18,Acarigua,186.91.191.70,,,0,,0.4,0
41496019,10460945,20,1,8,0,clixsense,UKR,05,Mariupol,91.250.59.187,,,0,,0.875,300
41504191,1CE9006CEBFB65D8168F3D181200FF42,0,0,0,0,neodev,,,,,,,0,,1.0,0
41518401,10480513,0,0,0,0,clixsense,,,,,,,0,,1.0,0
41577701,185858,20,3,8,0,elite,BRA,06,Quixeramobim,177.37.139.130,,,0,,0.625,300
41652222,10535100,5,2,5,0,clixsense,ITA,20,Venice,87.4.25.173,,,0,,0.6,300
41701371,10553119,0,0,0,0,clixsense,,,,,,,0,,1.0,0
41704307,10554079,0,0,0,0,clixsense,,,,,,,0,,1.0,0
41740496,038AF97DC1255C368C872C89F84C52C0,0,0,0,0,neodev,,,,,,,0,,1.0,0
41828473,10601892,0,0,0,0,clixsense,,,,,,,0,,1.0,0
41834288,F91F7B89B5F8C542C72447F05A7256A4,0,0,0,0,neodev,,,,,,,0,,1.0,0
41839624,3630707,0,0,0,0,clixsense,,,,,,,0,,1.0,0
41847950,82920E276BD52915807A1C1B93AA3314,0,0,0,0,neodev,,,,,,,0,,1.0,0
41862416,03F5B28DA92EE7FE0190D045FA0FE982,5,2,5,0,neodev,VEN,25,Caracas,190.77.37.36,,,0,,0.6,300
41923582,10643872,5,1,5,0,clixsense,VEN,25,Caracas,190.74.115.254,,,0,,0.8,300
41966290,10663558,5,3,5,0,clixsense,SRB,00,Beograd,178.148.222.228,,,0,,0.4,0
41991405,191965,5,2,5,0,elite,BRA,23,Sapiranga,168.232.5.230,,,0,,0.6,0
42012010,10681744,5,2,5,0,clixsense,MEX,28,Tampico,189.158.93.179,,,0,,0.6,0
42012035,5C2AD61FDF3325D418E09C610F0867AA,0,0,0,0,neodev,,,,,,,0,,1.0,0
42074684,0419CE2A169C7AC9DE1C1F776E860E31,0,0,0,0,neodev,,,,,,,0,,1.0,0
42080546,DE8BD5E41FFB430FB0D4CB6DCC18E8F9,0,0,0,0,neodev,,,,,,,0,,1.0,0
42117431,10724054,5,4,5,0,clixsense,BGD,81,Dhaka,43.230.120.228,,,0,,0.2,0
42126087,10727663,0,0,0,0,clixsense,,,,,,,0,,1.0,0
42150561,194305,25,0,9,0,elite,POL,"","",5.172.255.102,,,0,,1.0,300
42210442,DEE4BE3664FE80884F09095DD5433594,0,0,0,0,neodev,,,,,,,0,,1.0,0
42216696,195301,10,0,6,0,elite,VEN,26,La Guaira,190.74.69.14,,,0,,1.0,300
42219546,195387,5,2,5,0,elite,MAR,49,Sale,196.75.204.250,,,0,,0.6,300
42253924,6D9C8C3EC1916A46E0643075F37BEF58,0,0,0,0,neodev,,,,,,,0,,1.0,0
42275969,196546,0,0,0,0,elite,,,,,,,0,,1.0,0
42309695,197235,0,0,0,0,elite,,,,,,,0,,1.0,0
42321809,AB8B3B0FC5167505168F3D181200FF42,0,0,0,0,neodev,,,,,,,0,,1.0,0
42350730,198071,5,2,5,0,elite,GEO,19,Tbilisi,46.49.53.73,,,0,,0.6,300
42364062,1AFCEC4CCA4BA577DC1CF3E1D84EE58C,0,0,0,0,neodev,,,,,,,0,,1.0,0
42392800,10829686,30,1,10,0,clixsense,SRB,00,Belgrade,93.86.237.18,,,0,,0.9,300
42453053,130597059AD4C0BD274850ECB9537659,5,2,4,1,neodev,VEN,25,Caracas,186.185.114.30,,,0,,0.5,300
42468422,10860000,5,3,5,0,clixsense,TUR,68,Ankara,176.88.17.166,,,0,,0.4,300
42472271,187,0,0,0,0,indivillagetest,,,,,,,0,,1.0,0
42557795,10896571,5,3,5,0,clixsense,IND,37,"",47.247.206.68,,,0,,0.4,0
42604105,0486FFBD69E142438FB2D67A827566BC,17,2,8,0,neodev,EGY,11,Cairo,105.201.224.70,,,0,,0.75,255
42638667,192512,0,0,0,0,elite,,,,,,,0,,1.0,0
42690976,02B14A72BC4068F4BE5B53C0735AAA92,5,1,5,0,neodev,MYS,12,Shah Alam,115.164.55.28,,,0,,0.8,300
42724639,B4E9367BEC0425C4E072395DC2023399,0,0,0,0,neodev,,,,,,,0,,1.0,0
42732325,10956948,10,1,6,0,clixsense,IDN,08,Surabaya,202.67.46.12,,,0,,0.8333,30
42760856,9763288,0,0,0,0,clixsense,,,,,,,0,,1.0,0
42763769,F8627B612C5FC80D5213CA1A0E82036F,0,0,0,0,neodev,,,,,,,0,,1.0,0
42764185,10975118,5,2,5,0,clixsense,VEN,25,Caracas,201.242.166.45,,,0,,0.6,300
42782471,10986915,5,1,5,0,clixsense,VEN,"","",190.201.59.174,,,0,,0.8,300
42842035,AB9512943497E401B2BF0A8E0CA6A523,0,0,0,0,neodev,,,,,,,0,,1.0,0
42861604,53FA788C5091154CFD55B23693B99944,5,4,5,0,neodev,EGY,06,Alexandria,41.42.1.61,,,0,,0.2,0
42871914,0DF2BE0D53B22BEC168F3D181200FF42,0,0,0,0,neodev,,,,,,,0,,1.0,0
42876311,FBAD780CFCE1459F8C872C89F84C52C0,5,2,5,0,neodev,VEN,"","",186.89.70.203,,,0,,0.6,300
42933693,B6FC017DA87B7E1D4B7AEA85440565A3,5,3,5,0,neodev,VEN,"","",190.79.77.94,,,0,,0.4,300
42940302,11049223,5,2,4,1,clixsense,UKR,04,Dnepropetrovsk,213.110.97.170,,,0,,0.5,300
42968437,209946,5,1,5,0,elite,VEN,13,Barquisimeto,200.75.112.186,,,0,,0.8,0
42998765,27089EE73CA2D40464EA4109F71985C3,0,0,0,0,neodev,,,,,,,0,,1.0,0
43029871,11087947,5,3,5,0,clixsense,PAK,02,Quetta,182.183.175.36,,,0,,0.4,0
43065618,6E8C1982A652B6E813B45070835AF903,5,1,5,0,neodev,ROU,10,Bucharest,95.77.116.2,,,0,,0.8,0
43087794,3F1309C533C34DB3B2BF0A8E0CA6A523,0,0,0,0,neodev,,,,,,,0,,1.0,0
43151235,214019,5,3,5,0,elite,BRA,27,Araras,201.42.57.105,,,0,,0.4,0
43181485,6D19B8BAA62C4FACAA5E3A041481982C,0,0,0,0,neodev,,,,,,,0,,1.0,0
43199317,08050570EB8C6637826BDFD07EE23BF9,0,0,0,0,neodev,,,,,,,0,,1.0,0
43236232,ED81B589695B277513B45070835AF903,20,0,7,0,neodev,IND,16,Mumbai,111.119.210.22,,,0,,1.0,300
43281480,5186DD48CB363AE32EFD2A28AE2C3FB7,0,0,0,0,neodev,,,,,,,0,,1.0,0
43323320,217462,15,2,7,0,elite,VEN,"","",190.76.250.68,,,0,,0.7143,300
43334426,217713,10,1,6,0,elite,MEX,07,Torreón,177.228.181.9,,,0,,0.8333,300
43347584,AF79A24395ECBB185B2F430C4460AB1B,0,0,0,0,neodev,,,,,,,0,,1.0,0
43350400,218111,0,0,0,0,elite,,,,,,,0,,1.0,0
43379244,11241767,0,0,0,0,clixsense,,,,,,,0,,1.0,0
43383795,77F5B38A73AA32640CAD5F2CDE485D23,0,0,0,0,neodev,,,,,,,0,,1.0,0
43397255,4CA1C953D27264BD52A6F24AA52E306B,5,1,5,0,neodev,TUR,28,Giresun,81.213.213.3,,,0,,0.8,0
43402768,218923,5,2,5,0,elite,EGY,01,Mansoura,156.198.140.84,,,0,,0.6,0
43430755,219473,5,2,5,0,elite,VEN,25,Caracas,190.75.60.241,,,0,,0.6,0
43447259,219783,0,0,0,0,elite,,,,,,,0,,1.0,0
43455621,1B9932EE8E0E4F546B390050D52FDAD3,0,0,0,0,neodev,,,,,,,0,,1.0,0
43466942,11277143,0,0,0,0,clixsense,,,,,,,0,,1.0,0
43528397,221178,0,0,0,0,elite,,,,,,,0,,1.0,0
43563855,221790,5,2,5,0,elite,RUS,56,Orël,95.80.109.50,,,0,,0.6,0
43589128,222289,10,2,6,0,elite,VEN,"","",186.88.176.70,,,0,,0.6667,300
43606451,78AE67B2B16DD50C710AB5506CDE15E0,5,2,5,0,neodev,VEN,11,Punto Fijo,200.82.148.170,,,0,,0.6,0
43607944,223227,5,3,5,0,elite,VEN,13,Barquisimeto,200.84.170.62,,,0,,0.4,0
43608115,11340857,0,0,0,0,clixsense,,,,,,,0,,1.0,0
43608691,11342216,0,0,0,0,clixsense,,,,,,,0,,1.0,0
43609170,26CB0FA3BF89C153667AD9B74FE239D0,0,0,0,0,neodev,,,,,,,0,,1.0,0
43615029,224139,25,1,13,0,elite,VEN,"","",190.37.114.15,,,0,,0.9231,300
43619426,A2B525F72C77773FC338D6D1E28E12C0,5,5,5,0,neodev,EGY,05,Tanta,156.216.104.231,,,0,,0.0,0
43620003,9B466752807A6C49204CFC72B9696897,30,3,10,0,neodev,VEN,18,Acarigua,186.95.162.10,,,0,,0.7,75
43622173,90237BF117F620DC826BDFD07EE23BF9,0,0,0,0,neodev,,,,,,,0,,1.0,0
43623804,595F11B140B4844B008D8D1D7EF00A28,20,2,6,1,neodev,VEN,13,Barquisimeto,190.207.153.38,,,0,,0.6667,7
43625971,4E37343FC1EC3F8E6BDCD589D6BB8CA1,0,0,0,0,neodev,,,,,,,0,,1.0,0
43628047,11390967,5,1,4,1,clixsense,TUR,68,Ankara,176.33.242.169,,,0,,0.75,300
43633682,11389855,5,1,5,0,clixsense,NGA,32,Ibadan,197.211.63.164,,,0,,0.8,300
43636927,AB4E7D59DD78A9DBB6CB1911CE467178,0,0,0,0,neodev,,,,,,,0,,1.0,0
43641969,226438,34,2,11,0,elite,VEN,13,Barquisimeto,186.91.253.139,,,0,,0.8182,290
43646518,6C3EF65719818E780838C9B4A7C5B92A,10,1,6,0,neodev,UKR,03,Novodnestrovsk,95.134.191.18,,,0,,0.8333,300
43647210,BD4FF9EF2220C9041469C240903A77DC,0,0,0,0,neodev,,,,,,,0,,1.0,0
43649464,9E19259D7D4D51B6498878444F81137D,5,2,5,0,neodev,COL,34,Bogota,181.61.161.41,,,0,,0.6,300
43664175,228043,5,2,5,0,elite,IDN,"","",114.125.27.106,,,0,,0.6,0
43665081,1CBF71B1F7CC676A4B7AEA85440565A3,0,0,0,0,neodev,,,,,,,0,,1.0,0
43667456,228268,0,0,0,0,elite,,,,,,,0,,1.0,0
43669234,37396414,20,1,7,1,prodege,DEU,13,Dresden,80.242.164.6,,,0,,0.8571,400
43675129,352EF148C26E919E4B7AEA85440565A3,20,3,8,0,neodev,VEN,07,Valencia,201.211.116.185,,,0,,0.625,450
43675597,11485387,35,2,11,0,clixsense,BGD,81,Dhaka,103.62.143.242,,,0,,0.8182,15
43678058,8A23E3CBB5CC2F01C338D6D1E28E12C0,0,0,0,0,neodev,,,,,,,0,,1.0,0
43679833,BE89F0678086F27D544E98A5532E411B,0,0,0,0,neodev,,,,,,,0,,1.0,0
43682668,7CBECC77BBACF730BD4231B0CD821AB6,5,4,5,0,neodev,BGR,42,Sofia,87.121.36.3,,,0,,0.2,300
43683953,668E0934074EBF75BE5B53C0735AAA92,0,0,0,0,neodev,,,,,,,0,,1.0,0
43684573,229517,0,0,0,0,elite,,,,,,,0,,1.0,0
43690556,229915,5,2,5,0,elite,VEN,04,Maracay,186.14.188.78,,,0,,0.6,0
43693574,230184,5,2,5,0,elite,LVA,"","",80.254.211.40,,,0,,0.6,0
43694674,230274,40,1,11,0,elite,ESP,39,Santander,88.19.248.78,,,0,,0.9091,105
43698777,230612,5,0,5,0,elite,VEN,"","",190.78.234.158,,,0,,1.0,0
43705288,4C7BEEE65638003BB6CB1911CE467178,5,1,5,0,neodev,VEN,07,Valencia,201.211.116.139,,,0,,0.8,300
43710149,11537487,0,0,0,0,clixsense,,,,,,,0,,1.0,0
43711765,231592,0,0,0,0,elite,,,,,,,0,,1.0,0
43711876,6BB138E014DF85543BE56A74FD3D6324,0,0,0,0,neodev,,,,,,,0,,1.0,0
43712412,11548150,0,0,0,0,clixsense,,,,,,,0,,1.0,0
43718065,F866E309293C7CA0B61ED642EC5D9C7B,35,3,9,0,neodev,UKR,"","",178.213.1.198,,,0,,0.6667,18
43718977,66EEA062A39C9BDCBC6DC3AAB9FA15F9,0,0,0,0,neodev,,,,,,,0,,1.0,0
43719054,11563156,0,0,0,0,clixsense,,,,,,,0,,1.0,0
43721092,11568614,5,3,5,0,clixsense,VEN,"","",186.93.130.209,,,0,,0.4,300
43722354,9B0864029D723314BE88392C7C4AEDF0,0,0,0,0,neodev,,,,,,,0,,1.0,0
43723980,11574115,100,8,26,1,clixsense,SRB,00,Lazarevac,212.69.30.80,,,0,,0.6923,35
43724675,232855,0,0,0,0,elite,,,,,,,0,,1.0,0
43724974,231057,5,2,5,0,elite,VEN,23,Andrés,190.153.110.254,,,0,,0.6,0
43738447,D548DDC695CC1150B6CD945299117BED,10,2,6,0,neodev,VEN,15,Charallave,190.75.93.238,,,0,,0.6667,300
43739272,234198,0,0,0,0,elite,,,,,,,0,,1.0,0
43742453,11501400,65,5,17,0,clixsense,ITA,06,Trieste,93.41.0.184,,,0,,0.7059,325
43743925,FD4BED590D5D7517890DB111AF121511,5,3,5,0,neodev,VEN,25,Caracas,190.72.245.39,,,0,,0.4,0
43744366,DF2B651262BC073A52A6F24AA52E306B,0,0,0,0,neodev,,,,,,,0,,1.0,0
43745923,935A2AB78893CCE9646998E1CBB70BF7,0,0,0,0,neodev,,,,,,,0,,1.0,0
43748882,235156,55,2,14,1,elite,VEN,"","",186.95.43.165,,,0,,0.8571,367
43749117,10CFC7D6F9B2134DD99EEBCE27EEBEB5,0,0,0,0,neodev,,,,,,,0,,1.0,0
43751177,33CCFD44009FB01C5355075356E29B0C,0,0,0,0,neodev,,,,,,,0,,1.0,0
43751808,CA7CED793344FC4EB2BF0A8E0CA6A523,40,4,12,0,neodev,EGY,20,Damietta,156.199.62.17,,,0,,0.6667,300
43752651,11635025,10,2,6,0,clixsense,ARG,01,Moron,190.17.148.31,,,0,,0.6667,300
43758997,11475617,0,0,0,0,clixsense,,,,,,,0,,1.0,0
43765057,11655776,10,2,6,0,clixsense,EGY,"","",197.38.96.10,,,0,,0.6667,300
43767396,3DD4FC1CDA99FA85E072395DC2023399,0,0,0,0,neodev,,,,,,,0,,1.0,0
43768067,A7988925A61D2A4CB61ED642EC5D9C7B,15,1,7,0,neodev,EGY,24,Sohag,197.164.71.39,,,0,,0.8571,300
43768595,236651,5,4,5,0,elite,BIH,02,Banja Luka,80.242.116.160,,,0,,0.2,0
43770203,C5724AF5048FC30B544E98A5532E411B,0,0,0,0,neodev,,,,,,,0,,1.0,0
43770903,26DF6C524B822611F063FCF4079B2070,0,0,0,0,neodev,,,,,,,0,,1.0,0
43771760,17B09C9AA689178F3C3F520A53732EBF,0,0,0,0,neodev,,,,,,,0,,1.0,0
43774751,237119,0,0,0,0,elite,,,,,,,0,,1.0,0
43775537,E3D064FC2D79ABA5D4ACF736FDEB0260,0,0,0,0,neodev,,,,,,,0,,1.0,0
43776072,B3506ECECE3CC726498878444F81137D,5,4,5,0,neodev,VEN,"","",186.88.178.122,,,0,,0.2,0
43780603,10968581,5,2,5,0,clixsense,IND,03,Jorhat,117.203.163.72,,,0,,0.6,0
43781650,F5035E967676392D09E38BFE45BE9CBD,5,1,5,0,neodev,PAK,04,Lahore,182.185.134.220,,,0,,0.8,0
43784302,237796,0,0,0,0,elite,,,,,,,0,,1.0,0
43784342,237595,0,0,0,0,elite,,,,,,,0,,1.0,0
43785273,237938,0,0,0,0,elite,,,,,,,0,,1.0,0
43785647,11693316,5,2,5,0,clixsense,IND,36,Azamgarh,117.224.44.216,,,0,,0.6,300
43786824,235815,0,0,0,0,elite,,,,,,,0,,1.0,0
43787258,3350842,5,3,5,0,fusioncash,USA,LA,Metairie,24.252.118.98,,,0,,0.4,0
43789915,238318,0,0,0,0,elite,,,,,,,0,,1.0,0
43793505,7A197A331F6CA545CE3844F281772807,5,2,5,0,neodev,VEN,25,Caracas,190.74.19.100,,,0,,0.6,0
43797081,238840,24,1,9,0,elite,SRB,00,Belgrade,79.101.67.74,,,0,,0.8889,288
43800474,0D9B3070AFC3AC0BB2BF0A8E0CA6A523,0,0,0,0,neodev,,,,,,,0,,1.0,0
43801139,239163,10,2,6,0,elite,VEN,"","",190.198.6.157,,,0,,0.6667,300
43803780,F367ECF3D3BDADF464EA4109F71985C3,0,0,0,0,neodev,,,,,,,0,,1.0,0
43805853,11726419,5,2,5,0,clixsense,GRC,35,Athens,46.177.178.34,,,0,,0.6,0
43809759,39D3C795A986D6BC228BDA32B94EEF9C,5,4,5,0,neodev,VEN,25,Caracas,190.94.193.81,,,0,,0.2,300
43810427,239878,5,0,5,0,elite,PHL,13,Cutcut,175.158.209.65,,,0,,1.0,0
43811800,B8AAEE94907DE71DB6CD945299117BED,10,1,6,0,neodev,VEN,25,Caracas,201.242.153.61,,,0,,0.8333,300
43816340,A01F47077246E5B8667AD9B74FE239D0,0,0,0,0,neodev,,,,,,,0,,1.0,0
43819597,240541,15,0,7,0,elite,VEN,13,Barquisimeto,190.75.198.64,,,0,,1.0,300
43819611,240543,5,2,5,0,elite,VEN,13,Barquisimeto,186.95.184.113,,,0,,0.6,300
43820126,229986,0,0,0,0,elite,,,,,,,0,,1.0,0
43825502,341E66A0E2A55AD00838C9B4A7C5B92A,0,0,0,0,neodev,,,,,,,0,,1.0,0
43825638,BA4E1168391B7C0BA72773646D413314,75,3,19,0,neodev,VEN,25,Caracas,200.84.68.254,,,0,,0.8421,382
43827456,11766360,10,2,6,0,clixsense,LKA,"","",175.157.208.146,,,0,,0.6667,300
43829026,241282,5,3,5,0,elite,SRB,00,Belgrade,109.93.77.207,,,0,,0.4,0
43835479,2FDC1045DD3B376A11A1B4E358E036AF,0,0,0,0,neodev,,,,,,,0,,1.0,0
43837853,93D71B8309A36483DEE40461DA32D81A,23,0,9,0,neodev,VEN,25,Caracas,186.167.251.155,,,0,,1.0,90
43845214,242677,0,0,0,0,elite,,,,,,,0,,1.0,0
43846652,11805420,5,1,4,1,clixsense,VEN,25,Caracas,190.72.167.243,,,0,,0.75,300
43848126,242932,0,0,0,0,elite,,,,,,,0,,1.0,0
43848990,11810210,10,2,6,0,clixsense,IND,16,Pune,137.59.66.150,,,0,,0.6667,300
43849077,242713,0,0,0,0,elite,,,,,,,0,,1.0,0
43851193,11814875,0,0,0,0,clixsense,,,,,,,0,,1.0,0
43858277,244105,0,0,0,0,elite,,,,,,,0,,1.0,0
43859759,227409,0,0,0,0,elite,,,,,,,0,,1.0,0
43870762,6F3A0D19DE127DD7274850ECB9537659,0,0,0,0,neodev,,,,,,,0,,1.0,0
43871006,11855624,5,2,5,0,clixsense,TUR,34,Istanbul,37.123.101.139,,,0,,0.6,0
43876599,246003,28,2,10,0,elite,VEN,02,San José De Guanipa,186.94.55.255,,,0,,0.8,280
43876867,857334,0,0,0,0,gifthunterclub,,,,,,,0,,1.0,0
43877058,246047,5,2,5,0,elite,MEX,30,Misantla,201.105.175.209,,,0,,0.6,0
43879262,246215,0,0,0,0,elite,,,,,,,0,,1.0,0
43879440,77EA7B7284941E3C951EB4356D7835FF,10,1,5,1,neodev,VEN,23,Maracaibo,200.44.93.172,,,0,,0.8,300
43879822,246277,5,3,5,0,elite,VEN,06,Puerto Ordaz,190.200.100.141,,,0,,0.4,300
43881723,244444,0,0,0,0,elite,,,,,,,0,,1.0,0
43881991,969B9C1201ABC99DE6FC12140E27DCCE,0,0,0,0,neodev,,,,,,,0,,1.0,0
43882944,89FC7EE05EB79CD9DEE40461DA32D81A,0,0,0,0,neodev,,,,,,,0,,1.0,0
43884562,4C61D2C894DAF2EF99DD719F52F9B821,5,2,5,0,neodev,VEN,"","",186.95.224.170,,,0,,0.6,300
43885398,243575,5,3,5,0,elite,VEN,25,Caracas,186.167.249.62,,,0,,0.4,300
43887879,5CEAE60BFA545793D99EEBCE27EEBEB5,0,0,0,0,neodev,,,,,,,0,,1.0,0
43888222,9837A31F90AFDF22951EB4356D7835FF,0,0,0,0,neodev,,,,,,,0,,1.0,0
43888560,89FC7EE05EB79CD96E334AF42C1D2A3F,0,0,0,0,neodev,,,,,,,0,,1.0,0
43890107,56F0554221A90B0918E09C610F0867AA,55,1,15,0,neodev,MKD,F1,Veles,92.53.50.49,,,0,,0.9333,300
43890111,D190C2B38A398CE88D7FCC5998E70925,15,2,7,0,neodev,VEN,14,Mérida,186.95.233.228,,,0,,0.7143,300
43892640,Taniusik91,5,2,5,0,instagc,MDA,82,Orhei,185.163.195.221,,,0,,0.6,0
43894821,11890099,0,0,0,0,clixsense,,,,,,,0,,1.0,0
43903187,8E5EBE35BB7003255213CA1A0E82036F,0,0,0,0,neodev,,,,,,,0,,1.0,0
43905585,11916292,172,11,38,1,clixsense,SRB,00,Belgrade,178.222.57.163,,,0,,0.7105,645
43907631,248923,5,2,5,0,elite,PHL,"","",112.204.173.220,,,0,,0.6,0
43908191,248980,5,2,5,0,elite,EGY,14,Abu Hammad,197.35.33.13,,,0,,0.6,0
43908838,AD6B69DBC52BA5E3E0643075F37BEF58,0,0,0,0,neodev,,,,,,,0,,1.0,0
43912159,F386C349B260C1115A177E0B4883CD7E,0,0,0,0,neodev,,,,,,,0,,1.0,0
43914424,B8C0C9119C6E653496031965FDA9D41F,0,0,0,0,neodev,,,,,,,0,,1.0,0
43914909,A16E60F481ACF375BE5B53C0735AAA92,0,0,0,0,neodev,,,,,,,0,,1.0,0
43917876,EBB568A7CA79E2524F09095DD5433594,0,0,0,0,neodev,,,,,,,0,,1.0,0
43920256,250050,0,0,0,0,elite,,,,,,,0,,1.0,0
43920267,250072,5,3,5,0,elite,VEN,25,Caracas,186.167.249.135,,,0,,0.4,300
43923007,250294,0,0,0,0,elite,,,,,,,0,,1.0,0
43927270,11953797,5,4,5,0,clixsense,VEN,"","",201.242.158.47,,,0,,0.2,300
43927805,A18BD9580214835A494FC5F3416EDE71,0,0,0,0,neodev,,,,,,,0,,1.0,0
43930147,5AECBE925A6348AB16C8E61001D64B85,0,0,0,0,neodev,,,,,,,0,,1.0,0
43937765,11973652,0,0,0,0,clixsense,,,,,,,0,,1.0,0
43938402,43E85788B5C0DDB052A6F24AA52E306B,20,1,8,0,neodev,EGY,11,Cairo,196.131.0.135,,,0,,0.875,300
43938978,251523,0,0,0,0,elite,,,,,,,0,,1.0,0
43944559,251964,5,4,5,0,elite,VEN,13,Barquisimeto,186.14.93.207,,,0,,0.2,300
43945861,76D526825447F90C008D8D1D7EF00A28,0,0,0,0,neodev,,,,,,,0,,1.0,0
43950678,11985598,0,0,0,0,clixsense,,,,,,,0,,1.0,0
43951782,53F151B427876E8EDE1C1F776E860E31,0,0,0,0,neodev,,,,,,,0,,1.0,0
43953400,252612,0,0,0,0,elite,,,,,,,0,,1.0,0
43953486,252616,0,0,0,0,elite,,,,,,,0,,1.0,0
43959676,ED0A2CB89EF9DB47BACEFE911F27E775,0,0,0,0,neodev,,,,,,,0,,1.0,0
43961434,AB9CB0907C3B3C6530A97108728B0765,0,0,0,0,neodev,,,,,,,0,,1.0,0
43961534,12017790,0,0,0,0,clixsense,,,,,,,0,,1.0,0
43961619,250956,0,0,0,0,elite,,,,,,,0,,1.0,0
43962182,A04B2787D04F65F9472838DCC118E03B,0,0,0,0,neodev,,,,,,,0,,1.0,0
43964669,FE584475D9B02C334B7AEA85440565A3,5,4,5,0,neodev,TUR,"","",46.155.27.241,,,0,,0.2,300
43964816,253542,20,1,8,0,elite,EGY,21,Disuq,197.32.253.168,,,0,,0.875,300
43968384,73E89CF7963FC990BE88392C7C4AEDF0,0,0,0,0,neodev,,,,,,,0,,1.0,0
43971453,8F9D036EDC3C7DFD6E334AF42C1D2A3F,0,0,0,0,neodev,,,,,,,0,,1.0,0
43980164,28A7F1B1347E91B0667AD9B74FE239D0,5,3,5,0,neodev,VEN,25,Caracas,186.167.245.120,,,0,,0.4,300
43980997,254887,5,4,5,0,elite,EGY,11,Nasr City,197.48.104.34,,,0,,0.2,300
43983104,11943979,0,0,0,0,clixsense,,,,,,,0,,1.0,0
43983404,12038816,0,0,0,0,clixsense,,,,,,,0,,1.0,0
43987540,555254E2BB7C0AF24B7AEA85440565A3,10,1,6,0,neodev,VEN,"","",190.37.112.118,,,0,,0.8333,300
43987596,79F430FCBD460D9C6BDCD589D6BB8CA1,0,0,0,0,neodev,,,,,,,0,,1.0,0
43989443,21534A1AB0E042F45B2F430C4460AB1B,0,0,0,0,neodev,,,,,,,0,,1.0,0
43990104,255690,5,2,5,0,elite,VEN,15,Cachipe,181.17.7.240,,,0,,0.6,0
43990992,12063387,0,0,0,0,clixsense,,,,,,,0,,1.0,0
43998339,263EEF18923AB52C96031965FDA9D41F,0,0,0,0,neodev,,,,,,,0,,1.0,0
44001154,28CC35187DD393AA951EB4356D7835FF,5,5,5,0,neodev,EGY,"","",197.38.33.169,,,0,,0.0,300
44003207,256850,5,4,5,0,elite,EGY,"","",197.39.117.69,,,0,,0.2,300
44003641,2C571C41C55300FE5355075356E29B0C,0,0,0,0,neodev,,,,,,,0,,1.0,0
44005040,257016,5,0,5,0,elite,VEN,06,Puerto Ordaz,186.90.78.26,,,0,,1.0,0
44007008,12090121,25,2,8,1,clixsense,UKR,12,Kiev,91.214.132.115,,,0,,0.75,375
44007681,F738D12064432724DE1C1F776E860E31,0,0,0,0,neodev,,,,,,,0,,1.0,0
44008308,9DF40B2669E0B2AC87D9602DE7E4D81B,0,0,0,0,neodev,,,,,,,0,,1.0,0
44008715,12092542,25,1,9,0,clixsense,IDN,07,Semarang,180.246.203.140,,,0,,0.8889,300
44011256,C5A60419BA0F7A6E5213CA1A0E82036F,0,0,0,0,neodev,,,,,,,0,,1.0,0
44014566,745037494CF0872EDEF77F94FE295A6E,5,1,3,2,neodev,VEN,23,Maracaibo,190.39.99.82,,,0,,0.6667,300
44016326,0B6E9BC940CD17B9DEE40461DA32D81A,0,0,0,0,neodev,,,,,,,0,,1.0,0
44016934,257942,0,0,0,0,elite,,,,,,,0,,1.0,0
44017113,5CFCBED977E3EB96BACEFE911F27E775,0,0,0,0,neodev,,,,,,,0,,1.0,0
44017619,12074190,0,0,0,0,clixsense,,,,,,,0,,1.0,0
44018348,12108998,20,3,7,0,clixsense,VEN,"","",190.203.250.20,,,0,,0.5714,300
44018919,258134,10,1,5,1,elite,IND,34,Patna,47.29.42.57,,,0,,0.8,5
44020758,543C8B3B85796F56D4AEAD5A57F84A6A,0,0,0,0,neodev,,,,,,,0,,1.0,0
44026486,D2DFD055DC7D25C711A1B4E358E036AF,0,0,0,0,neodev,,,,,,,0,,1.0,0
44030505,4BC974974179A7A1AA5E3A041481982C,5,1,5,0,neodev,EGY,11,Cairo,196.221.40.70,,,0,,0.8,300
44031870,73661F0F166C41DCE6FC12140E27DCCE,5,4,5,0,neodev,EGY,06,Alexandria,45.242.32.185,,,0,,0.2,0
44037081,445AFDCE0655DAE5168F3D181200FF42,0,0,0,0,neodev,,,,,,,0,,1.0,0
44037095,259896,5,3,4,0,elite,EGY,"","",41.46.16.20,,,0,,0.25,300
44037499,5D50D8687EE34C24B6CD945299117BED,10,1,6,0,neodev,EGY,01,Mansoura,197.37.8.255,,,0,,0.8333,300
44037781,E6290F27901E8458B0D4CB6DCC18E8F9,20,1,7,1,neodev,EGY,"","",105.32.181.125,,,0,,0.8571,300
44041208,4B633ED586765477B111F2FF000D7505,5,2,5,0,neodev,VEN,"","",190.201.3.88,,,0,,0.6,300
44042396,12148016,0,0,0,0,clixsense,,,,,,,0,,1.0,0
44043679,5023B1C5E52FCA3078DA480E7D9ACC4E,5,2,5,0,neodev,VEN,"","",190.199.73.216,,,0,,0.6,300
44044596,F11105373E4FA34E826BDFD07EE23BF9,5,0,5,0,neodev,EGY,06,Alexandria,41.232.178.202,,,0,,1.0,300
44047633,261140,0,0,0,0,elite,,,,,,,0,,1.0,0
44049706,70625AA617D7A5EAEBC9CC3502AAAE3A,5,2,5,0,neodev,VEN,13,Barquisimeto,186.95.189.130,,,0,,0.6,0
44051511,12162170,0,0,0,0,clixsense,,,,,,,0,,1.0,0
44051841,261533,0,0,0,0,elite,,,,,,,0,,1.0,0
44051879,12157937,5,3,5,0,clixsense,POL,87,Szczecin,80.94.16.169,,,0,,0.4,300
44052598,261606,5,2,5,0,elite,GRC,35,Athens,46.177.178.34,,,0,,0.6,0
44052882,261653,0,0,0,0,elite,,,,,,,0,,1.0,0
44053357,47C48BB4C6D648D616C8E61001D64B85,0,0,0,0,neodev,,,,,,,0,,1.0,0
44057052,262320,0,0,0,0,elite,,,,,,,0,,1.0,0
44059772,262606,35,1,11,0,elite,VEN,"","",190.75.192.162,,,0,,0.9091,300
44059788,D9EFC81599719473890DB111AF121511,5,1,5,0,neodev,BIH,01,Sarajevo,46.36.184.0,,,0,,0.8,0
44060267,262661,0,0,0,0,elite,,,,,,,0,,1.0,0
44061075,262762,0,0,0,0,elite,,,,,,,0,,1.0,0
44061136,9C34D0A30352ADC85A177E0B4883CD7E,94,4,23,0,neodev,VEN,25,Caracas,186.167.250.177,,,0,,0.8261,356
44062418,262921,0,0,0,0,elite,,,,,,,0,,1.0,0
44062421,262919,0,0,0,0,elite,,,,,,,0,,1.0,0
44062700,262958,10,1,6,0,elite,VEN,13,Barquisimeto,186.91.233.253,,,0,,0.8333,300
44063565,F6846B45CA10F08B11A1B4E358E036AF,0,0,0,0,neodev,,,,,,,0,,1.0,0
44064411,12184466,5,3,5,0,clixsense,TUR,68,Ankara,88.230.6.245,,,0,,0.4,0
44066015,C46FBE1246A5A7BFE0F410E778370DBC,0,0,0,0,neodev,,,,,,,0,,1.0,0
44066827,263445,0,0,0,0,elite,,,,,,,0,,1.0,0
44069121,12192499,0,0,0,0,clixsense,,,,,,,0,,1.0,0
44071573,263951,0,0,0,0,elite,,,,,,,0,,1.0,0
44072192,264034,5,5,5,0,elite,VEN,18,Banco,186.91.222.192,,,0,,0.0,300
44073739,30BC9F9780E5506C514FB4CA2928E334,0,0,0,0,neodev,,,,,,,0,,1.0,0
44074109,FD56F9127EEC91E0228BDA32B94EEF9C,5,2,5,0,neodev,VEN,25,Caracas,186.93.42.225,,,0,,0.6,0
44074669,3A9351D3928BB8CD4871439227C458B1,5,2,4,1,neodev,VEN,13,Barquisimeto,186.91.102.160,,,0,,0.5,300
44076300,DF8A984D5DA59C2D96031965FDA9D41F,0,0,0,0,neodev,,,,,,,0,,1.0,0
44076961,264578,5,3,5,0,elite,SRB,"","",77.243.23.71,,,0,,0.4,300
44078001,B385884BFAC20450D484BCC6EFBF03F5,0,0,0,0,neodev,,,,,,,0,,1.0,0
44080465,41090BA7B4F4FF80BE2CB08758655D00,0,0,0,0,neodev,,,,,,,0,,1.0,0
44084084,342422ADFFFF8E54B61ED642EC5D9C7B,0,0,0,0,neodev,,,,,,,0,,1.0,0
44084342,27CD053B439F95D3494FC5F3416EDE71,0,0,0,0,neodev,,,,,,,0,,1.0,0
44085410,B7F6CDBAB588DCF63A7EF6E57C5562DE,0,0,0,0,neodev,,,,,,,0,,1.0,0
44085681,C394A39AB91B0CA6204CFC72B9696897,0,0,0,0,neodev,,,,,,,0,,1.0,0
44085764,265489,0,0,0,0,elite,,,,,,,0,,1.0,0
44085854,91FA2EF06D4778BCF063FCF4079B2070,5,4,5,0,neodev,IND,07,Delhi,223.176.47.223,,,0,,0.2,0
44090378,265947,0,0,0,0,elite,,,,,,,0,,1.0,0
44090435,44F8E94042EACD28D4ACF736FDEB0260,0,0,0,0,neodev,,,,,,,0,,1.0,0
44092737,3D648D7BD1A7BF49D484BCC6EFBF03F5,0,0,0,0,neodev,,,,,,,0,,1.0,0
44092924,879D8B5425047003B61ED642EC5D9C7B,0,0,0,0,neodev,,,,,,,0,,1.0,0
44093933,265905,0,0,0,0,elite,,,,,,,0,,1.0,0
44101397,F3212863C0222F2B6B390050D52FDAD3,0,0,0,0,neodev,,,,,,,0,,1.0,0
44101815,994047943F422DF6BE2CB08758655D00,5,3,5,0,neodev,VEN,04,Cagua,186.92.151.6,,,0,,0.4,0
44103612,6B60F3FC4183FCC6AA86FF6CD252D13D,5,2,5,0,neodev,VEN,23,Maracaibo,201.209.10.163,,,0,,0.6,300
44105905,F871E38FBDB7BFA52EFD2A28AE2C3FB7,10,1,6,0,neodev,ROU,39,Ramnicu Valcea,86.122.243.140,,,0,,0.8333,300
44111635,C768CA251DA878AB18E09C610F0867AA,0,0,0,0,neodev,,,,,,,0,,1.0,0
44115602,31F4DADB9AE36BF496031965FDA9D41F,0,0,0,0,neodev,,,,,,,0,,1.0,0
44117429,268490,0,0,0,0,elite,,,,,,,0,,1.0,0
44117531,21DDF444D15628E8472838DCC118E03B,0,0,0,0,neodev,,,,,,,0,,1.0,0
44118263,940F9209E8898EB3807A1C1B93AA3314,0,0,0,0,neodev,,,,,,,0,,1.0,0
44119740,678F746FE517FD2509A3246400FC988C,0,0,0,0,neodev,,,,,,,0,,1.0,0
44120071,135EABD0E412D915A72773646D413314,0,0,0,0,neodev,,,,,,,0,,1.0,0
44121259,AAE14470FCCB376B13B45070835AF903,5,3,5,0,neodev,VEN,06,Agua Salada,190.207.39.129,,,0,,0.4,0
44123062,E8947419773A3A3B5213CA1A0E82036F,0,0,0,0,neodev,,,,,,,0,,1.0,0
44123779,6ED62691C6220F710CAD5F2CDE485D23,0,0,0,0,neodev,,,,,,,0,,1.0,0
44124582,12281849,0,0,0,0,clixsense,,,,,,,0,,1.0,0
44125294,AB11C0F7912A10FDDE1C1F776E860E31,5,4,5,0,neodev,EGY,06,Alexandria,156.214.250.169,,,0,,0.2,0
44126416,1A27F519392DD3AA544E98A5532E411B,0,0,0,0,neodev,,,,,,,0,,1.0,0
44130983,270096,0,0,0,0,elite,,,,,,,0,,1.0,0
44133731,270604,5,0,5,0,elite,VEN,25,Caracas,190.60.60.182,,,0,,1.0,300
44134947,12300927,10,2,6,0,clixsense,IND,28,Kolkata,223.191.56.175,,,0,,0.6667,300
44136379,12303250,0,0,0,0,clixsense,,,,,,,0,,1.0,0
44140584,271421,0,0,0,0,elite,,,,,,,0,,1.0,0
44141843,520,25,1,9,0,opsify,PHL,21,Talisay,119.92.211.194,,,0,,0.8889,300
44142513,18122556F735163330A97108728B0765,5,2,5,0,neodev,VEN,23,Maracaibo,190.37.140.124,,,0,,0.6,0
44142942,8A12AB20405B2B7F4B7AEA85440565A3,0,0,0,0,neodev,,,,,,,0,,1.0,0
44145400,EAF2D256032866CCF9D662152EE91CFF,0,0,0,0,neodev,,,,,,,0,,1.0,0
44148406,272042,5,3,3,1,elite,VEN,"","",190.72.19.0,,,0,,0.0,300
44149047,1FE45E4CC2971F09204CFC72B9696897,0,0,0,0,neodev,,,,,,,0,,1.0,0
44149209,E2735CBC8DF2064996031965FDA9D41F,0,0,0,0,neodev,,,,,,,0,,1.0,0
44150013,272234,40,2,12,0,elite,VEN,23,Maracaibo,186.93.5.89,,,0,,0.8333,300
44151087,FE18F555B6CDAE09B6CD945299117BED,0,0,0,0,neodev,,,,,,,0,,1.0,0
44152330,12325835,16,1,8,0,clixsense,VEN,13,Barquisimeto,190.200.176.202,,,0,,0.875,240
44152715,53e7b29cb19a130837ff44441360c1a56d029df9,5,2,4,1,wannads,JAM,08,Kingston,63.143.122.214,,,0,,0.5,300
44152835,DA7724BD8BC8ABD65355075356E29B0C,5,2,5,0,neodev,VEN,20,San Cristóbal,190.36.188.253,,,0,,0.6,0
44153318,99ECBF5063E1843FE0643075F37BEF58,0,0,0,0,neodev,,,,,,,0,,1.0,0
44155512,554DCF19B5549E714B7AEA85440565A3,0,0,0,0,neodev,,,,,,,0,,1.0,0
44158516,4C499E7D4A40E3F91469C240903A77DC,0,0,0,0,neodev,,,,,,,0,,1.0,0
44159849,2A2A1AF88F2F2EEF07CFBA8CB897B0DC,0,0,0,0,neodev,,,,,,,0,,1.0,0
44160024,C59F62BD0AD503BF5355075356E29B0C,0,0,0,0,neodev,,,,,,,0,,1.0,0
44160852,94679B75742F03FFB111F2FF000D7505,5,1,5,0,neodev,USA,NY,New York,162.243.5.206,,,0,,0.8,0
44174761,274599,0,0,0,0,elite,,,,,,,0,,1.0,0
44174975,7DE6B875191F90D130A97108728B0765,15,0,7,0,neodev,VEN,25,Caracas,201.210.173.16,,,0,,1.0,300
44175172,75EF158AF6D84BC0B6CD945299117BED,0,0,0,0,neodev,,,,,,,0,,1.0,0
44176009,AC08C1E349F7995264EA4109F71985C3,10,2,6,0,neodev,IND,36,Noida,42.111.29.165,,,0,,0.6667,300
44178302,274939,30,2,9,1,elite,VEN,07,Valencia,200.84.130.238,,,0,,0.7778,300
44178456,12360783,10,1,6,0,clixsense,BGD,81,Dhaka,103.83.235.157,,,0,,0.8333,300
44179322,D76DBC8C9008175B3EE02C28A6EE4B57,5,2,5,0,neodev,IDN,08,"",112.215.154.62,,,0,,0.6,300
44180646,275183,5,2,5,0,elite,VEN,04,Maracay,190.6.35.103,,,0,,0.6,300
44180838,275216,0,0,0,0,elite,,,,,,,0,,1.0,0
44181811,12365873,0,0,0,0,clixsense,,,,,,,0,,1.0,0
44185106,12370060,20,3,8,0,clixsense,BGD,81,Dhaka,103.62.143.241,,,0,,0.625,300
44186816,12372375,0,0,0,0,clixsense,,,,,,,0,,1.0,0
44190030,917951,0,0,0,0,gifthunterclub,,,,,,,0,,1.0,0
44193614,276561,15,0,6,1,elite,VEN,04,Maracay,190.77.120.21,,,0,,1.0,300
44196496,276911,5,4,5,0,elite,MEX,23,Playa Del Carmen,189.221.45.19,,,0,,0.2,0
44203822,AC1E74D8A857AF996B390050D52FDAD3,5,1,5,0,neodev,VEN,25,Caracas,186.167.243.212,,,0,,0.8,300
44204019,277681,0,0,0,0,elite,,,,,,,0,,1.0,0
44206193,277929,0,0,0,0,elite,,,,,,,0,,1.0,0
44210979,811FB02B26ECEF25F063FCF4079B2070,0,0,0,0,neodev,,,,,,,0,,1.0,0
44214060,278846,0,0,0,0,elite,,,,,,,0,,1.0,0
44215585,279142,0,0,0,0,elite,,,,,,,0,,1.0,0
44219472,278659,0,0,0,0,elite,,,,,,,0,,1.0,0
44219516,9B3AE93295589AA3BE5B53C0735AAA92,5,3,5,0,neodev,VEN,25,Caracas,201.209.255.184,,,0,,0.4,0
44221689,BA0F8C454FFBE314C338D6D1E28E12C0,0,0,0,0,neodev,,,,,,,0,,1.0,0
44229653,280639,10,0,6,0,elite,USA,AL,Bon Air,24.179.4.50,,,0,,1.0,300
44230327,4DD88F1CA4AED34AD73D67AA042E19A6,0,0,0,0,neodev,,,,,,,0,,1.0,0
44233437,BEEA777D83D88AF273E05796892CA53D,0,0,0,0,neodev,,,,,,,0,,1.0,0
44242451,282324,0,0,0,0,elite,,,,,,,0,,1.0,0
44250801,283207,5,2,5,0,elite,EGY,11,Cairo,197.133.29.124,,,0,,0.6,300
44257625,19C0B158F8D66A04807A1C1B93AA3314,0,0,0,0,neodev,,,,,,,0,,1.0,0
44258107,283044,42,4,13,0,elite,VEN,02,Bergantín,190.207.83.118,,,0,,0.6923,278
44258646,12484061,5,3,5,0,clixsense,MEX,09,Mexico,189.151.170.120,,,0,,0.4,300
44258831,D3E868D32DC5D5D7DE1C1F776E860E31,0,0,0,0,neodev,,,,,,,0,,1.0,0
44263414,BAAFD76931A8B47AB61ED642EC5D9C7B,0,0,0,0,neodev,,,,,,,0,,1.0,0
